id;nom;prenoms;contact;email
1;Sports;blue;Account Grocery;Hubert.Rousseau13@yahoo.fr
2;Royale;Analyste index;Bond connecting;Romane.Guillaume@gmail.com
3;Concrete virtual SDD;Canadian Rubber Superviseur;Bonaparte;Maureen_Petit@yahoo.fr
4;schemas Down-sized;overriding Beauty;Centre;Trajan_Robert16@yahoo.fr
5;du;calculating Bedfordshire;FTP;Alliaume77@gmail.com
6;Faubourg-Saint-Denis Frozen synthesize;utilisation Automated Bretagne;virtual calculate;Tim_Berger@hotmail.fr
7;overriding;Andorre Monsieur-le-Prince;Borders;Thas64@yahoo.fr
8;Future-proofed Developpeur;Gorgeous Berkshire;driver compressing;Savinien_Colin60@gmail.com
9;withdrawal Licensed deposit;Swaziland hack;User-friendly;Arsnie58@gmail.com
10;JSON;Home;distributed;Eudoxie92@yahoo.fr
